size,path,round,latency_ms
128,cpu_unfused,1,0.357203
128,cpu_unfused,2,0.35432
128,cpu_unfused,3,0.364454
128,cpu_unfused,4,0.345147
128,cpu_unfused,5,0.352667
128,cpu_unfused,6,0.35117
128,cpu_unfused,7,0.393366
128,cpu_unfused,8,0.348693
128,cpu_unfused,9,0.347559
128,cpu_unfused,10,0.346991
128,cpu_unfused,11,0.343784
128,cpu_unfused,12,0.346631
128,cpu_unfused,13,0.345464
128,cpu_unfused,14,0.368001
128,cpu_unfused,15,0.348714
128,cpu_fused,1,0.3388
128,cpu_fused,2,0.341467
128,cpu_fused,3,0.338209
128,cpu_fused,4,0.334101
128,cpu_fused,5,0.366826
128,cpu_fused,6,0.340941
128,cpu_fused,7,0.335299
128,cpu_fused,8,0.347395
128,cpu_fused,9,0.340053
128,cpu_fused,10,0.332581
128,cpu_fused,11,0.34328
128,cpu_fused,12,0.342983
128,cpu_fused,13,0.331753
128,cpu_fused,14,0.341514
128,cpu_fused,15,0.344474
128,cuda_fused,1,0.37193
128,cuda_fused,2,0.36719
128,cuda_fused,3,0.359589
128,cuda_fused,4,0.370698
128,cuda_fused,5,0.379269
128,cuda_fused,6,0.359077
128,cuda_fused,7,0.38132
128,cuda_fused,8,0.361531
128,cuda_fused,9,0.364134
128,cuda_fused,10,0.359016
128,cuda_fused,11,0.342303
128,cuda_fused,12,0.326394
128,cuda_fused,13,0.353733
128,cuda_fused,14,0.327752
128,cuda_fused,15,0.343344
256,cpu_unfused,1,2.356812
256,cpu_unfused,2,2.331977
256,cpu_unfused,3,2.316894
256,cpu_unfused,4,2.33953
256,cpu_unfused,5,2.366071
256,cpu_unfused,6,2.348548
256,cpu_unfused,7,2.334657
256,cpu_unfused,8,2.353417
256,cpu_unfused,9,2.292914
256,cpu_unfused,10,2.345571
256,cpu_unfused,11,2.398584
256,cpu_unfused,12,2.275846
256,cpu_unfused,13,2.244833
256,cpu_unfused,14,2.326184
256,cpu_unfused,15,2.322198
256,cpu_fused,1,2.318695
256,cpu_fused,2,2.372159
256,cpu_fused,3,2.243256
256,cpu_fused,4,2.337076
256,cpu_fused,5,2.31833
256,cpu_fused,6,2.304186
256,cpu_fused,7,2.309885
256,cpu_fused,8,2.300902
256,cpu_fused,9,2.298248
256,cpu_fused,10,2.307226
256,cpu_fused,11,2.294457
256,cpu_fused,12,2.232004
256,cpu_fused,13,2.250856
256,cpu_fused,14,2.250264
256,cpu_fused,15,2.311486
256,cuda_fused,1,1.045521
256,cuda_fused,2,1.096659
256,cuda_fused,3,0.950565
256,cuda_fused,4,1.005716
256,cuda_fused,5,1.021071
256,cuda_fused,6,0.992596
256,cuda_fused,7,1.048556
256,cuda_fused,8,0.888554
256,cuda_fused,9,0.97006
256,cuda_fused,10,1.023906
256,cuda_fused,11,0.945574
256,cuda_fused,12,0.794267
256,cuda_fused,13,0.897455
256,cuda_fused,14,0.939337
256,cuda_fused,15,0.899014
512,cpu_unfused,1,16.724604
512,cpu_unfused,2,16.917887
512,cpu_unfused,3,16.335928
512,cpu_unfused,4,17.423852
512,cpu_unfused,5,17.038262
512,cpu_unfused,6,16.367489
512,cpu_unfused,7,17.005676
512,cpu_unfused,8,16.875614
512,cpu_unfused,9,16.645295
512,cpu_unfused,10,17.252156
512,cpu_unfused,11,16.648176
512,cpu_unfused,12,16.675573
512,cpu_unfused,13,17.608403
512,cpu_unfused,14,18.217667
512,cpu_unfused,15,16.674812
512,cpu_fused,1,18.181678
512,cpu_fused,2,19.183077
512,cpu_fused,3,18.743359
512,cpu_fused,4,18.652595
512,cpu_fused,5,18.840083
512,cpu_fused,6,18.37511
512,cpu_fused,7,18.178904
512,cpu_fused,8,18.448992
512,cpu_fused,9,18.288323
512,cpu_fused,10,18.748525
512,cpu_fused,11,18.817676
512,cpu_fused,12,18.61871
512,cpu_fused,13,18.843149
512,cpu_fused,14,22.226366
512,cpu_fused,15,19.19016
512,cuda_fused,1,3.603953
512,cuda_fused,2,3.285173
512,cuda_fused,3,2.97561
512,cuda_fused,4,3.363037
512,cuda_fused,5,2.93056
512,cuda_fused,6,3.628991
512,cuda_fused,7,3.435887
512,cuda_fused,8,3.577469
512,cuda_fused,9,3.335328
512,cuda_fused,10,3.71286
512,cuda_fused,11,3.28117
512,cuda_fused,12,3.10785
512,cuda_fused,13,3.877022
512,cuda_fused,14,5.54946
512,cuda_fused,15,3.13733
1024,cpu_unfused,1,162.808119
1024,cpu_unfused,2,159.243719
1024,cpu_unfused,3,160.684776
1024,cpu_unfused,4,161.802827
1024,cpu_unfused,5,160.008948
1024,cpu_unfused,6,159.691101
1024,cpu_unfused,7,160.324467
1024,cpu_unfused,8,159.257724
1024,cpu_unfused,9,160.000567
1024,cpu_unfused,10,163.112586
1024,cpu_unfused,11,157.611217
1024,cpu_unfused,12,157.515699
1024,cpu_unfused,13,161.305093
1024,cpu_unfused,14,159.415283
1024,cpu_unfused,15,160.38962
1024,cpu_fused,1,164.891006
1024,cpu_fused,2,163.435887
1024,cpu_fused,3,163.739257
1024,cpu_fused,4,163.404438
1024,cpu_fused,5,161.532271
1024,cpu_fused,6,159.691363
1024,cpu_fused,7,161.341692
1024,cpu_fused,8,160.334002
1024,cpu_fused,9,161.136481
1024,cpu_fused,10,164.177084
1024,cpu_fused,11,160.143037
1024,cpu_fused,12,163.660707
1024,cpu_fused,13,163.377528
1024,cpu_fused,14,161.099114
1024,cpu_fused,15,160.957146
1024,cuda_fused,1,12.484808
1024,cuda_fused,2,13.264141
1024,cuda_fused,3,12.938
1024,cuda_fused,4,11.089285
1024,cuda_fused,5,13.870337
1024,cuda_fused,6,15.3729
1024,cuda_fused,7,14.383661
1024,cuda_fused,8,12.24859
1024,cuda_fused,9,13.899375
1024,cuda_fused,10,11.306937
1024,cuda_fused,11,12.680565
1024,cuda_fused,12,12.747149
1024,cuda_fused,13,12.080656
1024,cuda_fused,14,13.078914
1024,cuda_fused,15,14.98914
