size,path,warmups,runs,min_ms,median_ms,mean_ms,max_ms,speedup_vs_cpu_unfused
128,cpu_unfused,3,15,0.343784,0.348714,0.3542776,0.393366,1
128,cpu_fused,3,15,0.331753,0.340941,0.3413117333,0.366826,1.022798666
128,cuda_fused,3,15,0.326394,0.359589,0.3578186667,0.38132,0.9697571394
256,cpu_unfused,3,15,2.244833,2.334657,2.330269067,2.398584,1
256,cpu_fused,3,15,2.232004,2.304186,2.296602,2.372159,1.013224193
256,cuda_fused,3,15,0.794267,0.97006,0.9679234,1.096659,2.406714018
512,cpu_unfused,3,15,16.335928,16.875614,16.9607596,18.217667,1
512,cpu_fused,3,15,18.178904,18.743359,18.8891138,22.226366,0.9003516392
512,cuda_fused,3,15,2.93056,3.363037,3.520113333,5.54946,5.01796858
1024,cpu_unfused,3,15,157.515699,160.008948,160.2114497,163.112586,1
1024,cpu_fused,3,15,159.691363,161.532271,162.1947342,164.891006,0.9905695438
1024,cuda_fused,3,15,11.089285,12.938,13.09563053,15.3729,12.36736343
